<?xml version="1.0" encoding="UTF-8"?>
<Defs>
	<!-- Tordune Head Right Eyepatch -->
	<HeadTypeDef ParentName="AverageBase">
	    	<defName>LHeadTorduneRight</defName>
	      	<graphicPath>Pawn/Loxo/LHeadTorduneRight</graphicPath>
	      	<gender>None</gender>
	      	<requiredGenes>
	        	<li>Joe_TorduneHead</li>
	      	</requiredGenes>
	</HeadTypeDef>
	
	<!-- Tordune Head Left Eyepatch -->
	<HeadTypeDef ParentName="AverageBase">
	    	<defName>LHeadTorduneLeft</defName>
	      	<graphicPath>Pawn/Loxo/LHeadTorduneLeft</graphicPath>
	      	<gender>None</gender>
	      	<requiredGenes>
	        	<li>Joe_TorduneHead</li>
	      	</requiredGenes>
	</HeadTypeDef>
</Defs>

  
