<?xml version="1.0" encoding="utf-8"?>

<Defs>
    <TraderKindDef>
        <defName>Caravan_ProstheticsTrader</defName>
        <label>wayfaring apothecary-artificer</label>
        <stockGenerators>

            <!-- base game -->
            <li Class="StockGenerator_SingleDef">
                <thingDef>Silver</thingDef>
                <countRange>3000~5000</countRange>
            </li>
            <li Class="StockGenerator_SingleDef">
                <thingDef>MedicineHerbal</thingDef>
                <countRange>15~25</countRange>
            </li>           
            <li Class="StockGenerator_SingleDef">
                <thingDef>Neutroamine</thingDef>
                <countRange>2~5</countRange>
            </li>
            <li Class="StockGenerator_Tag">
                <tradeTag>BodyPartsNatural</tradeTag>
                <thingDefCountRange>0~1</thingDefCountRange>
                <countRange>0~1</countRange>
                <price>Expensive</price>
            </li>                 
			
            <!-- Genepacks -->
            <li MayRequire="Ludeon.RimWorld.Biotech" Class="StockGenerator_SingleDef">
              <thingDef>Genepack</thingDef>
              <countRange>0~2</countRange>
            </li>

            <!-- Medieval Meds and Prosthetics -->
            <li Class="StockGenerator_Tag">
                <tradeTag>Ambroisen</tradeTag>
                <thingDefCountRange>0~1</thingDefCountRange>
                <countRange>0~1</countRange>
                <price>Expensive</price>
            </li>     
             <li Class="StockGenerator_SingleDef" MayRequire="JoeDaly.MedMeds.MO">
                <thingDef>MechanicalMedHand</thingDef>
                <countRange>0~1</countRange>
            </li>
            <li Class="StockGenerator_SingleDef" MayRequire="JoeDaly.MedMeds.MO">
                <thingDef>MechanicalMedArm</thingDef>
                <countRange>0~1</countRange>
            </li>
             <li Class="StockGenerator_SingleDef" MayRequire="JoeDaly.MedMeds.MO">
                <thingDef>MechanicalMedLeg</thingDef>
                <countRange>0~1</countRange>
            </li>
            <li Class="StockGenerator_SingleDef" MayRequire="JoeDaly.MedMeds.MO">
                <thingDef>MechanicalMedFoot</thingDef>
                <countRange>0~1</countRange>
            </li>
             <li Class="StockGenerator_SingleDef" MayRequire="JoeDaly.MedMeds.MO">
                <thingDef>IronArm</thingDef>
                <countRange>1~2</countRange>
            </li>
                 <li Class="StockGenerator_SingleDef" MayRequire="JoeDaly.MedMeds.MO">
                <thingDef>ProstheticHook</thingDef>
                <countRange>1~2</countRange>
            </li>
             <li Class="StockGenerator_SingleDef" MayRequire="JoeDaly.MedMeds.MO">
                <thingDef>WoodenToe</thingDef>
                <countRange>2~3</countRange>
            </li>
            <li Class="StockGenerator_SingleDef" MayRequire="JoeDaly.MedMeds.MO">
                <thingDef>WoodenFinger</thingDef>
                <countRange>2~3</countRange>          
            </li>             
            <li Class="StockGenerator_SingleDef" MayRequire="JoeDaly.MedMeds.MO">
                <thingDef>ArtificialMedNose</thingDef>
                <countRange>0~1</countRange>
            </li>
             <li Class="StockGenerator_SingleDef">
                <thingDef>MedicineUltratech</thingDef>
                <countRange>0~1</countRange>
            </li>

  <!-- Medieval Overhaul -->
            <li Class="StockGenerator_SingleDef" MayRequire="DankPyon.Medieval.Overhaul">
                <thingDef>DankPyon_BattleElixir</thingDef>
                <countRange>1~3</countRange>
            </li>
            <li Class="StockGenerator_SingleDef" MayRequire="DankPyon.Medieval.Overhaul">
                <thingDef>DankPyon_HappyPowder</thingDef>
                <countRange>1~3</countRange>
            </li>
             <li Class="StockGenerator_SingleDef" MayRequire="DankPyon.Medieval.Overhaul">
                <thingDef>DankPyon_HornetHoney</thingDef>
                <countRange>1~3</countRange>
            </li>
            <li Class="StockGenerator_SingleDef" MayRequire="DankPyon.Medieval.Overhaul">
                <thingDef>DankPyon_Luhix</thingDef>
                <countRange>1~3</countRange>
            </li>
             <li Class="StockGenerator_SingleDef" MayRequire="DankPyon.Medieval.Overhaul">
                <thingDef>DankPyon_Miracle</thingDef>
                <countRange>1~3</countRange>
            </li>

            <li Class="StockGenerator_SingleDef" MayRequire="DankPyon.Medieval.Overhaul">
                <thingDef>DankPyon_Paregoric</thingDef>
                <countRange>1~3</countRange>
            </li>
             <li Class="StockGenerator_SingleDef" MayRequire="DankPyon.Medieval.Overhaul">
                <thingDef>DankPyon_Stardust</thingDef>
                <countRange>1~3</countRange>
            </li>
            <li Class="StockGenerator_SingleDef" MayRequire="DankPyon.Medieval.Overhaul">
                <thingDef>DankPyon_VigorPill</thingDef>
                <countRange>1~3</countRange>
            </li>     

   <!-- Buying -->
            <li Class="StockGenerator_BuyTradeTag">
                <tag>BodyPartsNatural</tag>
            </li>
            <li Class="StockGenerator_BuyTradeTag">
                <tag>Drugs</tag>
            </li>
            <li Class="StockGenerator_BuyTradeTag">
                <tag>Prostheses</tag>
            </li>
            <!--<li Class="StockGenerator_BuyWeirdOrganic">
            </li>-->

        </stockGenerators>

    </TraderKindDef>
</Defs>
