<?xml version="1.0" encoding="utf-8"?>

<Patch>
		<!-- tribal eyepatch change ingredients -->
    	<Operation Class="PatchOperationReplace">
			   	<xpath>Defs/RecipeDef[defName="EPR_FitTribalEyepatch"]/ingredients</xpath>
					<value>
						<ingredients>
							<li>
								<filter>
									<categories>
										<li>Leathers</li>
			        				</categories>    
			                    </filter>
			                    <count>5</count>
			                </li>
			            </ingredients>
			        </value>
		</Operation>				
		
		<Operation Class="PatchOperationConditional">
		<xpath>Defs/RecipeDef[defName="EPR_FitTribalEyepatch"]/fixedIngredientFilter/categories</xpath>				
			<match Class="PatchOperationReplace">
		       	<xpath>Defs/RecipeDef[defName="EPR_FitTribalEyepatch"]/fixedIngredientFilter/categories</xpath>
					<value>                   	
						<li>Leathers</li>
		            </value>
			</match>
			<nomatch Class="PatchOperationAdd">
		       	<xpath>Defs/RecipeDef[defName="EPR_FitTribalEyepatch"]/fixedIngredientFilter/categories</xpath>
					<value>                   	
						<li>Leathers</li>
		            </value>
			</nomatch>
		</Operation>

	<Operation Class="PatchOperationFindMod">
		<mods>
			<li>Medieval Overhaul</li>
		</mods>
		<match Class="PatchOperationSequence">
			<operations>

			<!-- tribal eyepatch add MO research requirement-->	
				<li Class="PatchOperationConditional">
				<xpath>Defs/RecipeDef[defName="EPR_FitTribalEyepatch"]/researchPrerequisite</xpath>	
					<match Class="PatchOperationReplace">
					<xpath>Defs/RecipeDef[defName="EPR_FitTribalEyepatch"]/researchPrerequisite</xpath>
						<value>
							<researchPrerequisite>DankPyon_LeatherTanning</researchPrerequisite>
						</value>
					</match>
					<nomatch Class="PatchOperationAdd">
					<xpath>Defs/RecipeDef[defName="EPR_FitTribalEyepatch"]/researchPrerequisite</xpath>
						<value>
							<researchPrerequisite>DankPyon_LeatherTanning</researchPrerequisite>
						</value>
					</nomatch>
				</li>

			<!-- eyepatch change to MO research requirement -->
				<li Class="PatchOperationConditional">
				<xpath>Defs/RecipeDef[defName="EPR_FitEyepatch"]/researchPrerequisite</xpath>	
					<match Class="PatchOperationReplace">
					<xpath>Defs/RecipeDef[defName="EPR_FitEyepatch"]/researchPrerequisite</xpath>
						<value>
							<researchPrerequisite>DankPyon_TextileSpinning</researchPrerequisite>
						</value>
					</match>
					<nomatch Class="PatchOperationAdd">
					<xpath>Defs/RecipeDef[defName="EPR_FitEyepatch"]/researchPrerequisite</xpath>
						<value>
							<researchPrerequisite>DankPyon_TextileSpinning</researchPrerequisite>
						</value>
					</nomatch>
				</li>

			<!-- eyepatch change ingredients -->
				<li Class="PatchOperationReplace">
					<xpath>Defs/RecipeDef[defName="EPR_FitEyepatch"]/ingredients</xpath>
						<value>
							<ingredients>
								<li>
									<filter><thingDefs><li>Cloth</li><li>DankPyon_Linen</li></thingDefs></filter>
									<count>5</count>
								</li>
							</ingredients>
						</value>
				</li>

				<li Class="PatchOperationConditional">
				<xpath>Defs/RecipeDef[defName="EPR_FitEyepatch"]/fixedIngredientFilter/thingDefs</xpath>	
					<match Class="PatchOperationReplace">
					<xpath>Defs/RecipeDef[defName="EPR_FitEyepatch"]/fixedIngredientFilter/thingDefs</xpath>
						<value>
							<thingDefs><li>Cloth</li><li>DankPyon_Linen</li></thingDefs>
						</value>
					</match>
					<nomatch Class="PatchOperationAdd">
					<xpath>Defs/RecipeDef[defName="EPR_FitEyepatch"]/fixedIngredientFilter/thingDefs</xpath>
						<value>
							<thingDefs><li>Cloth</li><li>DankPyon_Linen</li></thingDefs>
						</value>
					</nomatch>
				</li>
			</operations>	
		</match>
	</Operation>

	<Operation Class="PatchOperationFindMod">
		<mods>
			<li>Medieval Medicines Medieval Overhaul Edition</li>
		</mods>
		<match Class="PatchOperationSequence">
			<operations>

			<!-- remove MMED eyepatch -->
				<li Class="PatchOperationRemove">
					<xpath>Defs/RecipeDef[defName="InstallEyePatch"]</xpath>
				</li>
				<li Class="PatchOperationRemove">
					<xpath>Defs/ThingDef[defName="EyePatch"]</xpath>					
				</li>
				<li Class="PatchOperationRemove">
					<xpath>Defs/HediffDef[defName="EyePatch"]</xpath>				
				</li>
			</operations>	
		</match>
	</Operation>

	<Operation Class="PatchOperationFindMod">
		<mods>
			<li>ReBuild: Doors and Corners</li>
		</mods>
		<match Class="PatchOperationSequence">
			<operations>
			
			<!-- change glass eye recipe to use glass -->
				<li Class="PatchOperationReplace">
					<xpath>Defs/RecipeDef[defName="EPR_InstallGlassEye"]/ingredients</xpath>
			    		<value>
			        		<ingredients>
			            		<li>
			                		<filter><categories><li>Medicine</li></categories></filter>
			                 		<count>1</count>
			            		</li>
								<li>
			                		<filter><thingDefs><li>RB_Glass</li></thingDefs></filter>
			                		<count>2</count>
			            		</li>
			        		</ingredients>
			    		</value>
					</match>	
				</li>				
								
				<li Class="PatchOperationConditional">
				<xpath>Defs/RecipeDef[defName="EPR_InstallGlassEye"]/fixedIngredientFilter/thingDefs</xpath>		
					<match Class="PatchOperationReplace">
					<xpath>Defs/RecipeDef[defName="EPR_InstallGlassEye"]/fixedIngredientFilter/thingDefs</xpath>
			    		<value>
							<thingDefs><li>RB_Glass</li></thingDefs>
			    		</value>
					</match>
					<nomatch Class="PatchOperationAdd">
					<xpath>Defs/RecipeDef[defName="EPR_InstallGlassEye"]/fixedIngredientFilter/thingDefs</xpath>
			    		<value>
							<thingDefs><li>RB_Glass</li></thingDefs>
			    		</value>
					</nomatch>		
				</li>

				<!-- glass eye drops glass when removed -->
				<li Class="PatchOperationReplace">
			   	<xpath>Defs/HediffDef[defName="EPR_GlassEye"]/spawnThingOnRemoved</xpath>
					<value>
						<spawnThingOnRemoved>RB_Glass</spawnThingOnRemoved>
			        </value>
				</li>
		
			</operations>	
		</match>
	</Operation>		
</Patch>

	
							
		
		
		
		
		
		
        
	
		
		

