<?xml version="1.0" encoding="utf-8"?>

<Patch>
	
	<!-- loxodon -->
	<Operation Class="PatchOperationConditional">
	<xpath>Defs/XenotypeDef[defName="SAB_Loxodon"]/genes</xpath>
       	<match Class="PatchOperationAdd">
        <xpath>Defs/XenotypeDef[defName="SAB_Loxodon"]/genes</xpath>
    	  	<value>
				<li MayRequire="nals.facialanimation">BS_FacialAnimDisabled</li>
        	</value>   
		</match>
	</Operation>
			
	<!-- gnoll -->	
	<Operation Class="PatchOperationConditional">
	<xpath>Defs/XenotypeDef[defName="SAB_GnollAard"]/genes</xpath>
    	<match Class="PatchOperationAdd">
    	<xpath>Defs/XenotypeDef[defName="SAB_GnollAard"]/genes</xpath>
        	<value>
				<li MayRequire="nals.facialanimation">BS_FacialAnimDisabled</li>
            </value>   
		</match>
	</Operation>
			
	<Operation Class="PatchOperationConditional">
	<xpath>Defs/XenotypeDef[defName="SAB_GnollFlind"]/genes</xpath>
    	<match Class="PatchOperationAdd">
        <xpath>Defs/XenotypeDef[defName="SAB_GnollFlind"]/genes</xpath>
            <value>
				<li MayRequire="nals.facialanimation">BS_FacialAnimDisabled</li>
        	</value>   
		</match>
	</Operation>
	
	<Operation Class="PatchOperationConditional">
	<xpath>Defs/XenotypeDef[defName="SAB_Gnoll"]/genes</xpath>
    	<match Class="PatchOperationAdd">
        <xpath>Defs/XenotypeDef[defName="SAB_Gnoll"]/genes</xpath>
        	<value>
				<li MayRequire="nals.facialanimation">BS_FacialAnimDisabled</li>
            </value>   
		</match>
	</Operation>

	<!-- Bonereapers -->
	<Operation Class="PatchOperationConditional">
	<xpath>Defs/XenotypeDef[defName="pphhyy_BoneReaper_Sepelire"]/genes</xpath>
    	<match Class="PatchOperationAdd">
        <xpath>Defs/XenotypeDef[defName="pphhyy_BoneReaper_Sepelire"]/genes</xpath>
        	<value>
				<li MayRequire="nals.facialanimation">BS_FacialAnimDisabled</li>
            </value>   
		</match>
	</Operation>

	<Operation Class="PatchOperationConditional">
	<xpath>Defs/XenotypeDef[defName="pphhyy_BoneReaper_Thetes"]/genes</xpath>
    	<match Class="PatchOperationAdd">
        <xpath>Defs/XenotypeDef[defName="pphhyy_BoneReaper_Thetes"]/genes</xpath>
        	<value>
				<li MayRequire="nals.facialanimation">BS_FacialAnimDisabled</li>
            </value>   
		</match>
	</Operation>

	<Operation Class="PatchOperationConditional">
	<xpath>Defs/XenotypeDef[defName="pphhyy_BoneReaper_Phalangite"]/genes</xpath>
    	<match Class="PatchOperationAdd">
        <xpath>Defs/XenotypeDef[defName="pphhyy_BoneReaper_Phalangite"]/genes</xpath>
        	<value>
				<li MayRequire="nals.facialanimation">BS_FacialAnimDisabled</li>
            </value>   
		</match>
	</Operation>

	<Operation Class="PatchOperationConditional">
	<xpath>Defs/XenotypeDef[defName="pphhyy_BoneReaper_Archon"]/genes</xpath>
    	<match Class="PatchOperationAdd">
        <xpath>Defs/XenotypeDef[defName="pphhyy_BoneReaper_Archon"]/genes</xpath>
        	<value>
				<li MayRequire="nals.facialanimation">BS_FacialAnimDisabled</li>
            </value>   
		</match>
	</Operation>

	<Operation Class="PatchOperationConditional">
	<xpath>Defs/XenotypeDef[defName="pphhyy_BoneReaper_Apokryphos"]/genes</xpath>
    	<match Class="PatchOperationAdd">
        <xpath>Defs/XenotypeDef[defName="pphhyy_BoneReaper_Apokryphos"]/genes</xpath>
        	<value>
				<li MayRequire="nals.facialanimation">BS_FacialAnimDisabled</li>
            </value>   
		</match>
	</Operation>	
</Patch>
