<?xml version="1.0" encoding="utf-8"?>
<loadFolders>  
  <v1.5>
    <li>/</li>
    <li>1.5</li>    
    <li IfModActive="DankPyon.Medieval.Overhaul">1.5/Mods/MedievalOverhaul</li>
    <li IfModActive="zal.eyeprosthetics">1.5/Mods/eyeprosthetics</li>
    <li IfModActive="Sabrael.FRBELoxo">1.5/Mods/FRBELoxo</li>	
    <li IfModActive="JoeDaly.MedMeds.MO">1.5/Mods/MedMeds</li>
	<li IfModActive="RedMattis.BetterPrerequisites">1.5/Mods/bigsmall</li>	
	<li IfModActive="RedMattis.BigSmall.Core">1.5/Mods/bigsmallgenes</li>	
  </v1.5>
</loadFolders>
